{
  "selected_candidate": "model0.9_vol_neg_minus",
  "selected_weights": {
    "model": 0.9,
    "vol_neg": -0.09999999999999998
  },
  "selection_split": "valid",
  "selection_objective": {
    "LongShort5": 0.4,
    "Top5_Return": 0.25,
    "Top5_Direction_Acc": 0.15,
    "RankIC": 0.1,
    "IC": 0.1
  },
  "valid_leader": {
    "rows": 4826.0,
    "dates": 259.0,
    "symbols": 95.0,
    "IC": 0.07953212226561121,
    "RankIC": 0.07306821019622706,
    "ICIR": 0.2756502570927956,
    "RankICIR": 0.2750963584610916,
    "Direction_Acc": 0.520099461251554,
    "Balanced_Acc": 0.5220928464866286,
    "Majority": 0.5066307501036055,
    "F1_up": 0.5802827111272201,
    "F1_down": 0.43976777939042094,
    "Top5_Return": 0.0070304893911839125,
    "Bottom5_Return": -0.0006867180309300463,
    "LongShort5": 0.0077172074221139595,
    "Top5_Direction_Acc": 0.5309617918313569,
    "candidate": "model0.9_vol_neg_minus",
    "split": "valid",
    "selected_threshold": -0.3529602289199829,
    "weights_json": "{\"model\": 0.9, \"vol_neg\": -0.09999999999999998}",
    "selection_score": 1.3849576738690934
  },
  "test_metrics": [
    {
      "rows": 29535.0,
      "dates": 327.0,
      "symbols": 95.0,
      "IC": 0.0903892885306563,
      "RankIC": 0.08517127799373121,
      "ICIR": 0.4652861988013118,
      "RankICIR": 0.4689918184297342,
      "Direction_Acc": 0.5255459624174708,
      "Balanced_Acc": 0.521865072270954,
      "Majority": 0.5183341797866937,
      "F1_up": 0.5761983970966279,
      "F1_down": 0.46114208805998846,
      "Top5_Return": 0.017120114005389264,
      "Bottom5_Return": -0.000342339761255679,
      "LongShort5": 0.017462453766644945,
      "Top5_Direction_Acc": 0.5853211009174312,
      "candidate": "baseline_current",
      "split": "test",
      "selected_threshold": -0.25,
      "weights_json": "{\"model\": 1.0}"
    },
    {
      "rows": 29535.0,
      "dates": 327.0,
      "symbols": 95.0,
      "IC": 0.088608677959401,
      "RankIC": 0.07918141768854167,
      "ICIR": 0.45037922925072665,
      "RankICIR": 0.4290928376255213,
      "Direction_Acc": 0.5263924157778906,
      "Balanced_Acc": 0.520689988954929,
      "Majority": 0.5183341797866937,
      "F1_up": 0.5967946500634151,
      "F1_down": 0.4262039543851014,
      "Top5_Return": 0.017140349799260463,
      "Bottom5_Return": -0.0006343633713849167,
      "LongShort5": 0.017774713170645377,
      "Top5_Direction_Acc": 0.581651376146789,
      "candidate": "model0.9_vol_neg_minus",
      "split": "test",
      "selected_threshold": -0.3529602289199829,
      "weights_json": "{\"model\": 0.9, \"vol_neg\": -0.09999999999999998}"
    }
  ]
}